Timestamp,Introduzca su UVUS,¿Cuánto considera que ha aprendido utilizando nuestro producto?,¿Considera que nuestro producto es útil para la introducción a Scrum?,¿Le gustaría ver este tipo de herramientas en otras asignaturas?,Indique cómo de correlacionado ve esta herramienta con la asignatura PSG2,¿Le ha ayudado esta herramienta a entender mejor algunos conceptos de PSG2?,¿Qué le ha parecido el juego?,¿Cómo valoraría la interfaz de usuario?,¿Cómo de bien cree que ha entendido las mecánicas del juego?,Indique cómo de difícil le ha parecido el juego,Feedback relativo a la interfaz de usuario,Feedback relativo a las mecánicas del juego,Feedback relativo a la complejidad del juego,Feedback relativo al aprendizaje que ofrece el juego,¿Algo más que quiera decir?
2/8/2023 13:27:20,adrgarpor,Algo,Sí,Sí,Tienen bastante relación,Sí,Aburrido,2,2,3,"Está claro que al ser un juego educativo, debe contener un alto contenido de teoría. Sin embargo, la manera en la que esta se da al jugador no es la más acertada. En el juego se presentan grandes textos, tediosos de leer, con letra demasiado pequeña, lenguaje complejo y de forma bastante aislada que provocan que solo entiendan Scrum los que previamente ya lo hemos tocado. Pensad bien, mucho texto de una sola vez induce a mucha lectura pero poca retención. Sería una gran idea repensar el como se presenta la teoría en el juego y en hacerlo de forma más granulada y con un lenguaje no tan complejo y más directo. Pequeñas ideas implica más aprendizaje por parte del jugador. 

Otra cosa que se echa en falta y perjudica directamente al jugador (incluso al que conoce ya Scrum) es la falta de leyenda. Si bien durante la partida puedes acceder al icono ""?"" y este te ofrece información relacionada con la interfaz, no da ninguna información sobre la leyenda de los iconos de las distintas tareas. Por ejemplo, las tareas ""Quality Assurance"" y ""Testing"" tienen durante el spring unos iconos que hasta que no vi que en uno ponía ""Fail"" los confundí uno con otro porque ambos iconos transmitian ideas parecidas y ambiguas. Tal vez poner el nombre de la tarea debajo de cada icono, lo cual cabe de sobra, sería buena idea y no dificultaría los primeros spring por no entender la interfaz. 

Por último, al terminar la partida nos aparece una pantalla que nos indica los resultados (si hemos ganado o perdido) pero no nos ofrece (o al menos no está claramante indicado) la opción de volver al menú inicial para empezar otra partida. Esto nos obliga a tener que reiniciar la aplicación cada vez que queremos jugar y por tanto es una falla de la interfaz.","Si bien en un Daily Scrum no deberíamos titubear con las tareas que cada uno tenemos asignadas, al ser un juego y más aún para móbiles, es común que se nos vaya el dedo y le demos a una tarea que a lo mejor no queríamos asignarle a una persona. Pero claro, al asignar una tarea, la persona desaparece del menú sin opción a volver a reasignarle su tarea. Sí, en la realidad no deberíamos titubear, pero en un juego ocurren toques accidentales y equivocaciones. Debería, por tanto, permitirse al jugador rectificar sus acciones durante el Daily Scrum.

Otra falla respecto al Daily Scrum es que, si bien te ponen el temporizador del tiempo que debería tomarte, no se ve ninguna penalización aparente por que se sobrepase ese tiempo. Una opción sería el finalizar abruptamente el Daily Scrum y quien no haya dado tiempo a asignar su tarea se queda sin tarea asignada. Otra opción la cual veo más adecuada sería que si te pasas del tiempo, al porcentaje de la tarea que cada uno de los integrantes del Scrum Team aportaría se le vería aplicado un descuento equivalente al tiempo usado de más en el Daily Scrum. Esta opción se amolda más a la gestión del tiempo en la realidad, usar más tiempo en el Daily Scrum significa que te queda menos para trabajar (que en la realidad esto no es tan exagerado, pero en un juego exagerar está bien para transmitir la idea de gestión inteligente del tiempo)

Por último, respecto a la selección del Scrum Master, no veo ninguna mecánica aparente asociada a este. Puede ser que la tenga y no me haya percatado, pero aún en caso de tenerla si esta no se muestra de forma explícita durante la partida, el jugador lo acaba percibiendo como un concepto vacío. Durante mi partida, el Scrum Master cayó tanto en mi olvido que solo lo roté un par de veces entre los integrantes, pero al no ver ningún efecto aparente, dejé ese concepto apartado.",,"Bajo mi punto de vista, más que aprendizaje, ofrece interiorización del conocimiento ya adquirido. Es decir, alguien que sea nuevo en este mundo de Scrum y toque ese juego, se va a tragar grandes textos y de poco se va a enterar. Como ya dije antes, la forma de de presentar la teoría debe ser más sencilla y granulada para que el jugador pueda digerir la información.","Considero un error la falta de multi-idioma. Entiendo que no se meta árabe o francés, eso es rebuscado, pero el español debería estar. Estamos en una carrera informática donde, exceptuando al pequeño grupo de inglés, somos todos del grupo en español. Sí, un universitario y más aún un ingeniero de software debe tener competencias lingüisticas y más aún de inglés. Sin embargo, no todos tienen una comprensión tan profunda como para entender un inglés tan avanzado (sin meterme ya en lo absurdo de que las transparencias de clase sean en inglés). Aún quienes tenemos alto nivel de inglés y entendemos perfectamente todo el texto que se nos ha mostrado, varios estudios de psicología revelan la disociación de nuestra persona con respecto a lenguas no maternas. Estos estudios muestran como aun quienes son bilíngues o políglotas, la capacidad de comprensión podría asemejarse a la que tiene de su lengua materna pero, la capacidad de interiorización, no. Es decir, si bien un hispanoablante (que conformamos la mayoría de la carrera al estar en Sevilla) podría tener una alta comprensión del inglés, la interiorización del conocimiento adquirido se ve mucho más impulsada en su lengua materna.

Este juego está orientado al aprendizaje y tiene un alto contenido de elementos teóricos. La interfaz en inglés nos llega a todos por igual por su sencillez, pero la teoría en inglés dificulta a los estudiantes el adquirir conocimiento de Scrum."
2/4/2023 14:22:08,adrromflo,Algo,Sí,Sí,Tienen bastante relación,No,Algo entrenetido,2,3,2,,,,,
2/6/2023 18:35:30,aitroddue,Bastante,Sí,Sí,Tienen bastante relación,Sí,Ha sido divertido,2,4,3,La interfaz al inicio es algo compleja y durante el juego en sí lo que representa cada tarea (osea cada enemigo y su vida) me gustaría que se viera durante la partida cual es cual,Las mecánicas en general están bien y se entienden en la primera partida,"La única queja es que en la selección de dificultad estaría bien poder saber bien en que influye la dificultad, por lo que he visto es el numero de Task del Product Backlog",Se comprende mejor la necesidad del cambio de roles y de saber gestionar los periodos de mayor y menor intensidad en los Sprints,Me ha gustado que se introduzcan conceptos de manera interactiva y motiva mucho más a seguir y esforzarse en la asignatura.
2/8/2023 1:50:14,alecamgal1,Algo,Sí,Sí,Tienen bastante relación,Sí,Algo entrenetido,4,5,1,"Creo que es necesario que aparezca el nombre debajo de cada elemento del Sprint Goal junto al porcentaje que ya aparece, para identificar bien cada uno de estos.
También estaría bien tener un contador de lo que falta para terminar el sprint",,,,
2/3/2023 18:10:21,alecorgon1,Bastante,Sí,Sí,Es ideal para la asignatura,Sí,Estaba bien,3,4,3,,,,,
2/7/2023 18:57:36,alegarsan11,Algo,Sí,No,Tienen alguna temática común,Sí,Estaba bien,3,3,1,,,,,
2/8/2023 22:08:30,alenicbra,Bastante,Sí,Sí,Es ideal para la asignatura,Sí,Ha sido divertido,4,4,3,Al principio no me quedaba claro que tenia que elegir el sprint backlog porque aparece ahi arriba a la izq pero luego lo intuí.,Intuitivas. No terminé de entender lo que hacia el scrum master cuando ejercía de scrum master y no de otra cosa. Lo de la motivación.,Se debería dar mas importancia a que si no tienen motivación su trabajo va a ser mucho menos productivo(quizás ya está así implementado pero al jugar no lo he notado mucho),Aprendes a que al fin y al cabo aunque hayamos estudiado Scrum en clase tenemos que tener en cuenta que al final como personas las que realizamos las tareas y que es mucho mas complejo. Lo de la motivación y la energía no se me había pasado por la cabeza tanto.,Muy didáctico y enriquecedor para entender Scrum de una manera mas divertida y dinámica.
2/4/2023 15:41:18,alepridur ,Algo,Sí,Sí,Es ideal para la asignatura,Sí,Estaba bien,4,3,2,"Está bastante bien, se valora la explicación del juego y para que sirve cada botón dentro del menú principal ","Se puede entender la mecánica del juego fácilmente, no es muy complejo","Es muy difícil perder la partida, hay muchos turnos por lo que es fácil acabar todas las tareas sin ningún problema. Por ejemplo podría ser interesante pensar algun tipo de penalización de la motivación o energia de un personaje cuando una tarea le hace counter.",Está todo bien explicado tanto lo relativo al juego como a scrum,Siempre se puede pensar en añadir más personajes con distintas características para mejorar la variedad en el juego
2/3/2023 16:17:55,alesanfel,Algo,Sí,Sí,Tienen bastante relación,Sí,Algo entrenetido,3,3,1,"Creo que sería mejor que durante el daily scrum, en vez de aparecer una pantalla de selección de personajes, pudiese pulsar encima del personaje, luego decidir el ataque y finalmente pulsar encima del jugador (de las propias imágenes), es principalmente para que se parezca más a una aplicación móvil (se alejaría del parecido que tiene a un ff).",Me gustaría que cada uno de los roles que puede desempeñar los trabajadores estuviesen más diferenciados.,"No lo veo difícil, pero quizás un poco largo.",,"Desde mi punto de vista, quizás le quedaría mejor al juego utilizar un estilo pixel art. Además, si se pudiese, cambiar el icono del juego y la escena al iniciar (entiendo que el juego aún está en desarrollo y para poder hacer alguno de los cambio que he mencionado es necesario tener la versión de pago de Unity que antes regalaban con la universidad)."
2/5/2023 12:49:11,alvbercau,Algo,Sí,Sí,Tienen bastante relación,Sí,Algo entrenetido,2,4,3,"La interfaz debe ser algo más intuitiva, la disposición de los elementos creo que no es la adecuada y que se debería ver mejor a los enemigos (tareas).",La mecánica del juego es sencilla aunque en el tutorial se debería explicar también la aparición de estadísticas para ver el desarrollo del sprint,"El juego no es complejo gracias a conocer previamente Scrum, aunque considero que para una persona que no conozca este marco de trabajo puede ser bastante complejo.",El juego me ha permitido comprender mejor la finalidad de cada artefacto y de cada evento de Scrum.,"Pienso que el juego tiene potencial de cara a poder usarse por el alumnado para conocer de manera práctica el funcionamiento de Scrum. Como propuesta de mejora, utilizar una interfaz más intuitiva y explicar en un tutorial cómo alcanzar el sprint óptimo (a través de una demostración)."
2/3/2023 16:45:42,alvgonfri,Algo,Sí,Sí,Tienen bastante relación,Sí,Algo entrenetido,3,4,2,"Creo que en la pantalla de asignación de roles sería de utilidad que aparecieran las tareas que han sido seleccionadas para el sprint, para que sea más fácil saber que roles asignar.",,,,
2/7/2023 20:58:39,alvhidrod,Algo,Sí,Sí,Tienen bastante relación,Sí,Algo entrenetido,3,4,2,"Es muy intuitiva pero visualmente es bastante poco amigable y cuesta de entender al haber mucha ""basura visual""",Están muy bien y bastante bien explicadas lo unico que no me quedó claro fue el sistema de motivación,Es sencillo pero retante a la vez,Muy bien explicado y bastante sencillo de comprender,
2/4/2023 13:37:19,anddomrui,Algo,Sí,Sí,Tienen alguna temática común,Sí,Algo entrenetido,2,3,3,Pues creo que el principal problema es que para seleccionar un enemigo es confuso que debas seleccionarlo en una lista y no directamente en la UI. Sería más cómodo que cada enemigo tuviese su nombre al lado para evitar la confusión.,,,,
2/6/2023 20:28:26,angmunpri,Nada,No,Sí,Es ideal para la asignatura,Sí,Aburrido,1,1,5,,,,,
2/4/2023 0:19:19,antcardia4,Bastante,Sí,Sí,Tienen bastante relación,Sí,Estaba bien,3,3,2,"Se ha notado que el juego estaba programado para ordenador previamente y que muchos de los botones y textos se superponen y no se entiende muy bien. Además, cuando estoy en la opción de cambiar de rol de algún personaje, el último rol no se puede apreciar. En general, no me ha resultado complicado moverme por las diferentes pantallas.","No he entendido perfectamente el funcionamiento de la energía ni tampoco he visto la diferencia de elegir a distintos Scrum Master durante los sprints, pero igualmente el combate por turnos al estilo Final Fantasy me ha parecido adecuado para este tipo de juego. Tampoco he comprendido si al acabar el proyecto he cumplido con lo propuesto, porque, en principio, he acabado los sprints en menos tiempo de lo previsto, por ejemplo en 2 turnos de 10 elegidos, pero aún así aparecían caras sonrientes que parecían indicar que lo estaba haciendo bien, al igual que en la estadística final.","Es bastante sencillo acabar los sprints en pocos turnos, por ejemplo, he programado un sprint de 5 turnos y tan solo usando el primer turno he ""eliminado"" todas las tareas incluidas en el Sprint Backlog. Quizás, si fuese más difícil ""eliminar"" las tareas podría tener más sentido la mecánica de la energía.","Gracias al tutorial inicial y al botón de ayuda, puedes entender fácilmente la interfaz del juego y las instrucciones de cómo jugarlo. Además, durante la partida se refleja perfectamente los diferentes pasos que debes dar.","El juego me ha resultado bastante sencillo y útil. Me ha parecido que no tenía sonido, algo que tampoco es de mucha importancia, pero le da algo de vida al juego. "
2/6/2023 21:20:49,antpelmor,Algo,Sí,Sí,Tienen bastante relación,Sí,Estaba bien,3,3,2,Me ha parecido algo simple y no muy intuitiva,,No es complejo. Incluso sin entender mucho la mecámica creo que se puede completar una partida,,
2/6/2023 15:44:22,antrodrui2,Algo,No sé,Sí,Tienen bastante relación,No,Algo entrenetido,3,4,2,,,,,
2/6/2023 18:00:06,antvalamo,Bastante,Sí,Sí,Es ideal para la asignatura,Sí,Estaba bien,4,3,2,"Me resulta atractiva, aunque tal vez cuidaría algunos detalles.",,,,Sería oportuno que pueda hacerse uso de la App desde sistemas operativos iOS.
2/6/2023 20:42:04,carzarrei,Poco,Sí,Sí,Tienen alguna temática común,Sí,Algo entrenetido,1,3,2,,,,,
2/3/2023 20:52:29,danarrarr,Algo,Sí,Sí,Tienen bastante relación,Sí,Ha sido divertido,4,3,2,"La interfaz de usuario es sencilla e intuitiva, el único fallo que encontré es que en la pantalla de selección de roles no se puede cambiar el rol de un personaje a Deployment ",,,,
2/6/2023 19:45:45,dancorfon,Algo,Sí,Sí,Es ideal para la asignatura,Sí,Estaba bien,4,2,4,"Es buena quizás mucho texto sobre como funciona el juego que hace que sea menos intuitivo y pierdas un poco el interés, pero entendible y en cuanto al apartado de explicar cada cosa de SCRUM es buena idea siempre tener la explicación ahí.","Es un poco complejo de entender al principio, quizás se debería ver algún otro método de que las personas lo entiendan jugando una primera partida a base de tutorial.","Es buena idea que haya tres tipos de niveles de dificultad, lo veo logico.",Esta bastante bien para aprender conceptos.,
2/6/2023 21:00:19,dangalmar,Bastante,Sí,Sí,Tienen bastante relación,Sí,Estaba bien,3,3,1,En general bien pero se podrian añadir mas cinemáticas y añadir imagenes a las explicaciones del inicio del juego,Las mecánicas son fáciles de aprender aunque podría ser un poco más intuitivo,El juego es relativamente complejo dependiendo de la dificultad que se elija.,Bastante completo aunque como dije antes poner mas imágenes en algunas explicaciones estarían mejor,
2/4/2023 17:14:48,danguepre,Algo,Sí,Sí,Tienen bastante relación,Sí,Estaba bien,4,3,2,,Le daría un punto mejor al juego el poder elegir antes de la partida entre una lista de personaje los cinco que vas a utilizar dando mas estrategia al jugador. ,La complejidad del juego estaba bien en mi caso elegí la dificultad normal y era bastante asequible.,,Me hubiera gustado que el juego tuviera algo de música
2/7/2023 19:33:47,davdelcar,Algo,Sí,Sí,Tienen bastante relación,Sí,Algo entrenetido,2,3,3,Deberían de mejorar la interfaz y hacerla más intuitiva y con mayor calidad visual,,"El juego no es muy difícil, al fin y al cabo es administrar la energía y la motivación de cada miembro y darle a cada uno su rol predominante y su tarea o tareas correspondientes a ese rol sin mucha complejidad",,
2/6/2023 20:06:56,edupizlop,Poco,Sí,Sí,Tienen bastante relación,No,Algo entrenetido,2,4,2,"Creo que se deberia usar un estilo mas vivo, pero manteniendo el minimalismo, y con sensacion de feedback, he echado de menos alguna animación en botones , aunque el combate/sprint, esta muy bien hecho ","Bastante interesante, no me gustaria que perdiera la mecanica de cambiar de rol, que es interesante dependiendo de la situacion y como gestiones las tareas que se escogen puedes generar diferentes estrategias. Aunque estaria bien resaltar las probabilidades como la de los counter para saber que condiciones se cumplen pare este evento o si es aleatorio con cuanto porcentaje.",es bastante simple pero tiene muchos aspectos positivos en cuanto el desarrollo de la partida.,"En cuanto al aprendizaje, casi todo lo visto en el juego para alguien que ha estudiado anteriormente la metodologia SCRUM, me resulta algo sencillo y por  tanto solo cumple la funcion de recordar nombres o ciertos conceptos. Para alguien completamente ajeno al metodo podria ser una buena introducion a este",Nada mas 
2/8/2023 0:21:24,eletomvel,Poco,No sé,Sí,Tienen bastante relación,No,Algo entrenetido,1,2,2,,,,,
2/3/2023 10:03:38,enrcabmun,Algo,Sí,Sí,Tienen bastante relación,Sí,Estaba bien,2,3,4,"Muy pequeña para móviles, cuesta clickar algunas opciones","Mientras que el combate se entiende en general, se necesita cierto trasfondo en otros videojuegos del género",,,
2/7/2023 12:07:41,fraperper5,Bastante,Sí,Sí,Es ideal para la asignatura,Sí,Estaba bien,3,4,4,"En la pantalla de organizar tasks, los botones de dividir y sumar les cambiaria su disenio",Agregarle sonidos seria mas entretenido y mantendria la atencion del usuario,no hay observaciones al respecto,bastante bueno,nada mas que comentar
2/7/2023 20:44:16,frarosram,Algo,Sí,Sí,Tienen bastante relación,No,Algo entrenetido,2,2,3,"No está mal pero podría estar un poco más cuidada estéticamente. Hay momentos en los que no termina de funcionar, como es la pantalla de selección de rol en la fase de sprint planning, en la que no pude ver completamente la información de los niveles de cada personaje porque no cabían completamente en la pantalla y no había ninguna clase de scroll.",,"No tengo nada en contra de que un juego sea complejo, pero aun así es un hecho que puede hacerse tedioso todo lo que hay que aprender para entender completamente este, que puede llevar el mismo tiempo que dura una partida.",,"Se le podría añadir alguna clase de música o sonidos, no algo invasivo pero al menos un poco más de inmersión en el juego. La escena de combate es algo confusa y cuesta entender qué está pasando exactamente, a lo mejor un cuadro de texto para describirlo podría ayudar. En la pantalla final, varios textos se superponen."
2/3/2023 20:51:01,fravarcas1,Algo,Sí,Sí,Tienen bastante relación,Sí,Estaba bien,2,4,2,Es difícil de entender visualmente que tareas te quedan no pudiendo verlas si no tienes energía para acometerlas,No se nota demasiado el impacto de la motivación de los miembros,Se puede abusar demasiado de atacar constantemente teniendo que esperar muy poco para recuperar la energía,,
2/6/2023 15:32:36,fravilpae,Poco,Sí,Sí,Tienen bastante relación,No,Estaba bien,4,4,3,,,,,
2/9/2023 11:41:24,ignarrman,Algo,Sí,Sí,Tienen bastante relación,No,Estaba bien,3,3,2,Esta muy llena de cosas y puede resultar confusa para los nuevos jugadores. Recomiendo cambiar los colores de las opciones puede hacer que sea más adecuado a la vista.,Las mecánicas son simples y adecuadas para aprender Scrum. ,La complejidad en si no es muy alta pero la interfaz tan llena de cosas puede ser algo abrumadoras para nuevos jugadores,La primera ronda puede ser confusa pero es fácil de entender.,
2/6/2023 19:34:21,igngongon2,Algo,Sí,Sí,Tienen bastante relación,Sí,Estaba bien,2,4,1,La interfaz de usuario se podría mejorar haciendo que se vea más claras las acciones y diferenciando más los botones unos de otros.,,Lo he jugado y me parece correcta pues entiendo que es para aprender.,,
2/5/2023 13:28:16,ignjorde,Algo,No,No,Tienen alguna temática común,No,Aburrido,2,2,1,Los símbolos asociados a los tipos de tarea no las hacen facilmente identificables. Las ventanas de ayuda mezclan explicaciones de la interfaz y de las mecánicas. Es dificil buscar una explicación de una mecánica en concreto.,,,"El aprendizaje no esta del todo integrado en el juego. Se aprende leyendo las instrucciones y la ventana de facts, pero al jugar no se asienta lo aprendido, porque lo único que hay que hacer es asignar miembros con roles a las tareas correspondientes.",
2/7/2023 15:24:54,ignplathi,Poco,Sí,Sí,Tienen bastante relación,No,Algo entrenetido,3,2,2,Podria haber una leyenda que indicase de queripo es cada tarea( porque creo que las tareas estaban agrupadas por colores) y que el botón de do norji g en el turno indicase que restablece energía ,,,,
2/8/2023 19:04:10,ismbargar,Algo,Sí,Sí,Tienen bastante relación,Sí,Estaba bien,2,4,2,"El menú previo al sprint está más o menos bien. Falta una forma de mostrar solo las tareas de cada tipo en la elección de tareas del sprint para poder hacer luego la gestión de roles. También estaría bien poder ver algún sitio cuántos puntos de historia quedan en total y de cada rol, pero en general era entendible. En cambio, cuando se empieza el sprint todo se convierte en un caos. No sabes qué tarea es cuál (por lo que no puedes saber si estás atacando a una tarea con 0% o a otra con más). El botón de nothing sería más intuitivo si pusiera rest o algo así, para entender que sirve para recuperar energía. El tutorial es muy buena idea para no ir a ciegas, pero la parte del conbate no se entendía bien (posiblemente por problema de la interfaz más que del propo tutorial)","Las mecánicas están muy bien. Recuerdan a juegos tipo final fantasy. Se podría haber incluido alguna forma para detener un sprint, a expensas de perder mucha motivación por parte del equipo pero pudiendo usarse para cambiar al scrum master. Lo demás bien.","En cuanto complejidad, es un juego fácil de jugar una vez te entiendes con el menú. Se siente divertido","Aunque he completado el juego en 2 sprints, tengo la sensación de haber podido completarlo en 1 solo si me lo hubiera planteado. Una carga amplia de trabajo debería suponer un estrés mayor, haciendo que completar un sprint con muchas tareas sea mucho más compicado. Aún con esto, había mucha información útil de scrum que me ha sido muy útil tanto para el juego como para la asignatura. ","Después de completar el juego, sigo sin saber la utilidad de los sprint goals, pero supongo que es porque necesitaba hacer más sprints. He creído entender que suben la motivación al finalizar el sprint. Si es así, entonces está bien implementado, es una buena idea."
2/3/2023 15:24:10,ismruijur,Algo,Sí,Sí,Tienen bastante relación,No,Estaba bien,3,4,2,,,,,
2/6/2023 20:49:44,JAVFERCAS3,Algo,Sí,Sí,Tienen bastante relación,Sí,Estaba bien,3,4,2,En la parte de la batalla es bastante confuso lo que puedes hacer y lo que no. Los enemigos no se identifican bien a no ser que entres en el menú de selección de tarea de un personaje. Resaltaría el personaje que estás seleccionando en todo momento de alguna forma,"Están bastante bien, no hay nada que reprochar ",no es demasiado amigable para alguien que no juegue videojuegos pero si vas con ganas cumple su función,"Depende de la persona que lo juegue puede aprender o simplemente jugar, si vas con ganas de aprender entenderás mucho de scrum y como funciona.",Tal vez haría un modo tutorial guiado que fuera incrementando en las mecánicas para hacer la experiencia más agradable y no entrar a pelo en la primera partida sin tener ni idea
2/6/2023 13:05:16,Javgaragu1,Mucho,Sí,Sí,Es ideal para la asignatura,Sí,Me ha gustado mucho,5,5,3,"Se podría mejorar la interfaz de entrada a la aplicación, pero una vez dentro está bastante bien.",,,,"En general me parece una idea maravillosa y muy bien hecha, enhorabuena. Podríais añadir más personajes con diferentes roles/niveles de roles."
2/4/2023 11:22:10,javgrogom,Algo,Sí,Sí,Tienen bastante relación,Sí,Estaba bien,3,5,2,"En la selección de roles de los personajes, entre scrums, en mi movil salia mal y no podia seleccionar deployment. Por suerte dentro del propio combate se podian cambiar los roles. Mi movil es un samsung galaxy M33, por si sirve de información para este error de interfaz",,,,
2/6/2023 13:47:02,javnunrui,Algo,Sí,Sí,Es ideal para la asignatura,Sí,Estaba bien,3,4,2,,,,,
2/4/2023 11:59:20,jessolort,Algo,Sí,Sí,Tienen alguna temática común,No,Algo entrenetido,2,3,3,"La elección de acciones es confusa al inicio, vendría buen una indicación que reflejase la secuencia de elecciones que estás siguiendo.",Vendría bien alguna mecánica que permitiese recuperar más energía con varios días de descanso o algo del estilo.,,,
2/4/2023 15:08:59,jeszamgue,Nada,Sí,Sí,Es ideal para la asignatura,No,Estaba bien,4,5,2,,,,,
2/6/2023 20:24:45,jorromlim,Nada,No,Sí,No tienen nada que ver,No,Aburrido,1,1,5,,,,,
2/4/2023 11:48:58,josalcsan1,Algo,Sí,No,Tienen alguna temática común,No,Algo entrenetido,2,2,2,,,,,
2/3/2023 18:27:23,josgarber6,Bastante,Sí,Sí,Es ideal para la asignatura,Sí,Ha sido divertido,5,4,4,"Es un diseño bastante chulo, estaría genial poder cambiar el tamaño de la letra por ejemplo","Es la primera vez que jugaba a un RPG así que me ha resultado algo difícil adaptarme, aún así no es difícil entender cómo funciona, aunque es muy complicado ganar","Es difícil llegar a ganar, tras varios intentos es complicado ""derrotar"" a las tareas, sobre todo por falta de motivación de los personajes, cosa que no es fácil gestionar. Depende del nivel que tenga cada personaje en una tarea en concreto tendrá más ataque hacia ese tipo de tareas. Aún así, primera vez que jugaba a un RPG, por lo que no puedo decir mucho más.","Está muy bien orientado, es fácil saber qué tienes que hacer y ofrece ayuda útil a la hora de comprender las mecánicas de SCRUM.","Un trabajo espectacular, aunque la interfaz podría mejorarse un poco más. Enhorabuena"
2/4/2023 11:56:01,josgarcas4,Mucho,Sí,Sí,Es ideal para la asignatura,Sí,Ha sido divertido,3,4,3,La interfaz de usuario venía explicado detalladamente en la pestaña de ayuda por lo que no he tenido problemas en entender como funcionaba. Me ha parecido una buena interfaz de usuario.,"Las mecánicas del juego me resultaban familiares ya que he jugado a otros RPGs. En general las mecánicas del juego me parecen que están muy bien realizadas, por ejemplo la gestión de energía, motivación y estado para el desempeño correcto de los personajes me parece una mecánica muy divertida.","Si bien el juego te explicaba como se jugaba detalladamente en la sección de ayuda, puede que las mecánicas del juego sean un poco complejas para alguien que no este familiarizado con el género ya que hay bastantes factores a tener en cuenta.",El aprendizaje que ofrece el juego me parece excelente. Las definiciones que aparecen en la pestaña que se encuentra junto a la pestaña de ayuda han sido muy útiles para reforzar aquellos conocimientos que ya sabía de Scrum. ,El juego ha sido una herramienta genial para entender Scrum. Yo recomendaría que dieran la oportunidad de jugar a este juego a aquellas personas que están cursando PSG1también ya que les va a ser de gran ayuda. 
2/4/2023 13:56:31,juacamgar2,Algo,Sí,Sí,Tienen bastante relación,Sí,Estaba bien,3,2,4,Me gustaría que los botones fueran más anchos ya que al ser finos he pulsado algún botón cuando quería pulsar otro y eso es frustrante,,No he sabido cómo potenciar la motivación de mis trabajadores,"El aprendizaje es correcto, cualquiera que no hubiese escuchado nada de Scrum al acabar una partida habría adquirido conocimientos utiles",
2/7/2023 9:49:50,juacasben@us.es,Poco,Sí,Sí,Tienen alguna temática común,No,Algo entrenetido,3,2,2,"Es dificil relacionar como de completas estan las tareas con los sprites, estaría bien que debajo de los sprites se indicara el nombre la tarea que representa.","Para la duración del juego está bien ya que las mecanicas son lo suficientemente sencillas como para que se entiendan rápido, aunque si fuera más largo estría bien añadir algo de complejidad.",El juego es sencillo y sirve para entender como afecta la distribución de tareas dependiendo de la experiencia de los distintos miembros.,El juego por si mismo no ofrece demasiado aprendizaje pero si ayuda a aclarar algunas ideas sobre el funcionamiento de scrum. Con conocimientos previos sirve de herramienta de refuerzo,
2/7/2023 10:48:25,juagallop1,Bastante,Sí,Sí,Tienen bastante relación,Sí,Estaba bien,2,3,3,Muchos botones y campos de texto son muy pequeños,,,,Jugado en el teléfono de un amigo porque el mio es un iPhone
2/4/2023 11:38:07,juamornav3 ,Algo,No sé,Sí,Tienen alguna temática común,No,Algo entrenetido,2,2,1,Se deberían marcar los nombres de las tareas un poco más claros y marcar con el símbolo dichas tareas dentro del combate para ver con más claridad a qué rol pertenecen ,Me da la sensación de que la mecánica de las caras para ver si están tristes o felices los desarrolladores no se aprovecha del todo,"Es un juego con una dificultad fácil en su modo normal, no he probado los demás modos pero he de decir que es una dificultad accesible y no es tedioso","He aprendido poco la verdad pero porque cuesta un poco entender el juego al principio con la interfaz, he ido un poco mareado ","Estaría guay poner el fondo de batalla como si fuera una especie de oficina, o algo por el estilo para ofrecer mayor inmersión en el juego y algo de música o sonidos a la hora de seleccionar en el menú, porque en la pantalla táctil a veces tocas algo y no sabes si le has dado o no es un poco confuso "
2/4/2023 9:56:33,laurolmer,Bastante,Sí,Sí,Es ideal para la asignatura,Sí,Ha sido divertido,3,3,2,,Al principio costaba un poco entenderlas.,"Está bien medida la dificultad, hace que sea muy disfrutable a niveles bajos.",Alto aprendizaje.,"El apartado que sale arriba a la derecha cuando se está jugando para obtener información sobre Scrum en mi opinión no debería de estar ahí, ya que no aporta demasiado a la jugabilidad. Debería estar en el menú principal."
2/4/2023 11:28:04,manbarjim2,Algo,Sí,Sí,Tienen bastante relación,Sí,Algo entrenetido,3,3,2,Es bueno ,Son un poco pesadas a la hora de llevar acabo,El juego es complejo pero se puede llegar a entender de forma rápida ,"En cuento a aprendizaje es muy bueno, pero un explicación de lo que va pasando ayudaría aún más en mi opinión ",
2/5/2023 23:16:54,manchilop,Mucho,No sé,Sí,Tienen bastante relación,Sí,Estaba bien,4,4,2,,,"Lo veo como muy abierto, hay muchas formas de ganar. Cómo que tengo costumbre de que cuando juego a otros juegos lo queme engancha es el querer hacer siempre el movimiento y la decisión mejor de todas. Y aquí no está tan claro que es lo mejor que hacer. Sabes que algo lo haces bien o mal, pero  no sé si es la mejor decisión posible.",,
2/6/2023 18:27:53,mangoncac,Algo,Sí,Sí,Tienen bastante relación,Sí,Estaba bien,3,3,2,"Es una interfaz simple, lo cual no es algo negativo, ya que ayuda el entendimiento del juego. He tenido un breve problema al asignar roles y es que el último rol de la lista, aun siendo seleccionable, aparecía cortado por la mitad, no viéndose el nivel que tenía el miembro del equipo en ese rol. El que no se pudiese ver una vez seleccionado en la misma pantalla lo hacía un poco engorroso. Por lo demás, no he tenido ningún problema.","No he entendido muy bien la mecánica de plantear la duración de un sprint. Entiendo que scrum es una metodología ágil, y que la duración de cada sprint puede variar, lo que esa flexibilidad/personalización que da el juego la veo bien. Sin embargo, nada me ha impedido programar un sprint de 40 días con 2 pequeñas tareas, terminarlas en el día 1 (y por lo tanto acabar el sprint), tener un buen resultado en el sprint review al tener menor porcentaje de puntos de historia a realizar que de días restantes, y programar otro sprint de 39 días. Quizás un sistema que no solo bonifique lograr las metas propuestas, sino que haga que las decisiones que tomes tengan consecuencias directas o indirectas que obliguen al jugador a adaptarse, sería una gran ayuda didáctica, ya sea el darle importancia gestionar bien el tiempo y las tareas de cada sprint de cara a la reunion final con el Product Owner (que puede aceptar el sprint o denegarlo), o que el Product Backlog se actualice eventualmente por algunos cambios en el mercado, teniendo más tareas y menos tiempo para realizarlas.","En cuanto a la complejidad, había cierta información a la que costaba llegar, no porque no se mostrase en pantalla, sino por la ausencia de un tutorial que lo explique pasivamente. Al ser material enfocado a la enseñanza, pienso que cuantas más facilidades haya y menos tedioso sea el aprendizaje del usuario para poder conocer las mecánicas del juego, mejor será su experiencia y más involucrado estará con estas herramientas. Considero que un tutorial guionizado y scripteado, que enseñe al estudiante la preparación de uno o dos sprint, que explique las mecánicas más básicas e introduzca las complejas (como la mejora en la cultura de tribus, el nikoniko de los compañeros, etc) sería un buen aporte al juego.","Aunque el juego está enfocado en el uso de scrum, la información sobre sus diferentes eventos y artefactos sigue estando muy de la mano de los menús de ayuda que, aun siendo accesibles en todo momento, no deja de ser algo complementario. Desde el punto de vista de jugador, cuanta más información reciba y menos tenga que buscarla, mejor será mi experiencia y más implicado estaré con el juego. Si se consiguiese que esa información estuviese implícita en la experiencia de juego, ya sea mediante comentarios ingame, un modo historia o un tutorial, podría mejorar el aprendizaje. Para mi, es la diferencia que existe entre un RPG que usa elementos de scrum y un juego que enseña scrum usando las mecánicas de un RPG.",
2/7/2023 9:49:07,Manortbla,Algo,Sí,Sí,Tienen bastante relación,Sí,Estaba bien,3,4,2,,,,,
2/4/2023 12:26:20,manpalpin,Algo,Sí,Sí,Es ideal para la asignatura,Sí,Estaba bien,4,4,2,Me ha parecido confusa y no del todo eficiente la forma de sumar o dividir las tareas del mismo tipo antes de comenzar el Sprint.,,,,
2/6/2023 20:31:29,manvazmar3,Algo,Sí,Sí,Tienen bastante relación,Sí,Algo entrenetido,4,3,4,,,,,
2/3/2023 19:13:32,marchabar1,Algo,Sí,Sí,Tienen bastante relación,No,Algo entrenetido,4,2,3,Creo que  es lo mejor que tiene el juego   ,,,,
2/4/2023 13:29:30,marizqlav,Algo,Sí,Sí,Tienen alguna temática común,No,Algo entrenetido,4,4,3,"Muy intuitiva, encuentras facilmente lo que tienes que realizar para avanzar",Las mecanicas cuestan de entenderse al principio pero que con el paso de las partidas se entienden,,,
2/4/2023 12:11:42,marmarsol4,Algo,Sí,Sí,Es ideal para la asignatura,Sí,Ha sido divertido,5,5,3,,,,,
2/6/2023 14:23:44,marvicmar,Algo,No sé,Sí,Tienen bastante relación,No,Algo entrenetido,4,2,5,A nivel de interfaz lo veo muy bien,Quizás un tutoríal algo más claro aunque se haga más extenso porque cuesta entender al principio el funcionamiento exacto de este,Quizás más tiempo para poder decidir las asignaturas de tareas al equipo.,"Creo que sí fuera menos acelerado su compresión sería mayor, o quizás poner algunos dialogos en el modo fácil para que el usuario vaya entendiendo que está pasando ",En general me parece interesante la propuesta 
2/7/2023 20:43:59,marzamzap,Nada,No,No,Tienen bastante relación,No,Aburrido,1,2,1,Muy simple,Malas y poco intuitivas ,"Difícil de entender, los daily scrum los hice incorrectamente y aun así pude completar el juego ","Nulo, no necesitas saber nada de scrum para completar el juego. Con saber inglés ya sabes que hacer",
2/7/2023 15:25:38,migmanalv,Algo,Sí,Sí,Es ideal para la asignatura,Sí,Estaba bien,4,4,2,"Se me hacía un poco confuso al principio saber que icono de cada ""enemigo"" correspondía a cada tarea.",,,"Al principio se hace pesado ya que tienes que entender diferentes apartados y las funciones de cada uno y es mucho texto que leer, pero una vez entiendes el funcionamiento se hace mas entretenido.",
2/7/2023 13:34:30,nicherlob,Algo,Sí,Sí,Tienen bastante relación,Sí,Estaba bien,3,4,2,Bastante intuitiva aunque durante los sprints algo menos.,La mecánica de las caritas felices o tristes es la única que no he entendido muy bien como funcionaba.,,,
2/4/2023 11:34:34,olemornav,Algo,No sé,Sí,Es ideal para la asignatura,Sí,Algo entrenetido,3,4,1,Estaría bien añadir más estilo al menú de acciones. Además estaría bien que al atacar a enemigos que se llaman igual que se diferencien de alguna manera por si no quiero atacar dos veces a una por error. ,Las mecánicas de roles y ataques orientado a scrum me parece bastante original,El juego es bastante sencillo pero opino que no necesariamente tiene que ser complejo pues entiendo que está orientado a enseñar por lo que me parece una dificultad acertada. ,El juego repasa bien los eventos que se llevan a cabo usando scrum y simula de forma correcta la gestión de un proyecto. Personalmente creo que lo que más he aprendido jugando ha sido estimar los sprints en función de las tareas escogidas. ,"No estaría mal intentar añadír alguna melodia en menú y combate, así como efectos de sonido."
2/7/2023 18:01:44,pabcueper,Bastante,Sí,Sí,Tienen bastante relación,Sí,Estaba bien,2,4,1,Hay demasiados números en pantalla y se siente un poco agobiante,,,,
2/8/2023 0:09:11,pabmarval,Bastante,Sí,Sí,Tienen bastante relación,Sí,Estaba bien,3,4,2,,,,,
2/5/2023 13:34:08,pabmergom,Bastante,Sí,Sí,Tienen alguna temática común,Sí,Estaba bien,5,2,3,"La he visto bien una vez pasado un tiempo, creo que si lees al inicio el botón de ayuda detenidamente sería mejor","Son buenas, no veo ningún fallo",Lo puse en modo normal y me resultó complejo quizás porque el primer sprint lo desperdicié,Para introducirte en Scrum lo veo bien,
2/4/2023 18:51:41,pedgonmar2,Algo,Sí,Sí,Tienen bastante relación,Sí,Algo entrenetido,1,2,2,Las acciones que pasan en los turnos van muy rápido. Los mensajes de interacción de los turnos aparecen en distintos lugares de la pantalla y a veces no te enteras de lo que está ocurriendo. En la selección de roles en el Sprint planning no se llegan a ver todas las opciones.," No queda claro como se puede conseguir energía. Debería haber un mecanismo para recuperar energía.
Debería haber un tutorial in game explicando las mecánicas del juego.
Las tareas carecen totalmente de personalidad.",,,
2/7/2023 17:43:45,pedlopruz ,Algo,Sí,Sí,Tienen alguna temática común,Sí,Estaba bien,3,2,4,,Realizar tutorial interactivo para entender las mecánicas ,,,
2/6/2023 11:20:47,pedruiagu1,Bastante,Sí,Sí,Tienen bastante relación,Sí,Algo entrenetido,2,4,3,,,,,
2/7/2023 17:50:35,QHY7850,Algo,No sé,Sí,Tienen bastante relación,No,Ha sido divertido,3,2,4,"No queda nuy claro donde se puede hacer clic y donde no, por lo demás la interfaz es agradable e intuitiva. No he conseguido salir de la ayuda hasta el final. ","Me ha faltado el scrum board o ver que me quedaba, al menos yo no lo he encontrado. Nome ha quedado clara la duración del juego. ",No se entiende bien la mecánica. ,,
2/4/2023 18:02:38,rafgoncas1,Algo,Sí,Sí,Es ideal para la asignatura,Sí,Estaba bien,2,3,1,"Interfaz muy simple pero a su vez difícil de entender, todas las opciones dentro y fuera de combate se visualizan de la misma forma, es decir, no se diferencia de ninguna forma cada una de ellas. Recomiendo añadir un pequeño dibujo representativo, o variar colores para cada tipo de habilidad... Es difícil adivinar a qué enemigos vas a atacar, en mi caso, he llegado a tener 3 tareas iguales con el mismo número de puntos de historia, en caso de querer realizar estrategias y saber qué compañero asignar a cada tarea recomiendo que en la misma tarea aparezca el porcentaje de 'vida' de cada enemigo.","La mecánica del scrum master a mi parecer es inútil y poco comprensible, ya que no existe una gran diferencia entre usar su habilidad o no. Entiendo que no hay mucho juego con esto, pero se podría añadir que el scrum master pueda tener un nivel propio, al igual que los otros roles, y cada nivel aprenda una habilidad nueva por ejemplo, hacer que en siguiente daily scrum, uno de los compañeros no gaste energía al realizar una tarea, o no pierda motivación... Otra de las cosas que me se me ha hecho poco intuitiva es la realización de la retrospectiva, no he llegado a comprender que debía hacer, si elegir una opción para cumplir en el siguiente scrum, si era una mejora... y tampoco sé qué recibo si lo cumplo o lo elijo. Otra opción que se podría tener en cuenta es que el juego detecte de forma automática errores que se cometen en el scrum, por ejemplo: Que se haya elegido una duración en la planificación muy diferente a la final, que la diferencia de trabajo entre miembros del equipo sea muy grande... Y en la retrospectiva podría hacerse que el jugador intente detectar estos errores, y en caso de acertar uno o varios, premiarlo con un pequeño boost de experiencia para el equipo u otra cosa del estilo. Lo de dividir o sumar las tareas no lo he comprendido en absoluto a la hora de la elección del sprint backlog. Al final de la partida no se sabe si se han enviado los datos o no, tampoco te da opción de empezar otra, o salir del juego.","El juego ha sido demasiado fácil, ya que no hay penalización por que los miembros del equipo tengan poca motivación a lo largo de los daily sprint, se podría hacer que cuanto menor motivación, menos efectivo es a la hora de realizar tareas, haciendo así a su vez muy importante el rol del scrum master. Otra de las cosas que ha hecho que la complejidad sea baja es que hay bastantes turnos de margen, he acabado el juego en menos de 20 turnos cuando me daban 40. Recomiendo que los enemigos tengan más vida, o incluso que puedan producir atascos a los miembros del equipo de forma aleatoria en los cuales tengan que intervenir otros miembros para terminar con el enemigo.","Ayuda a afianzar conceptos básicos, sobre todo el orden de los eventos, y la importancia de que el equipo trabaje conjuntamente etc.",Me ha parecido un proyecto bastante interesante y con mucho potencial.
2/8/2023 15:03:33,raumonmar1,Bastante,Sí,Sí,Es ideal para la asignatura,Sí,Estaba bien,4,3,2,Me parece correcta,Mejorables,Dificultad normal,Muy didáctico,
2/5/2023 19:07:34,roclopmoy,Algo,Sí,Sí,Tienen bastante relación,Sí,Estaba bien,4,4,2,"Me ha gustado, pero creo que es un poco simple",Me ha parecido un poco lenta,Es un juego simple,Sirve para afianzar conceptos,Enhorabuena por el juego. 
2/8/2023 1:49:13,ronmonalb,Bastante,Sí,Sí,Tienen bastante relación,Sí,Estaba bien,2,3,3,,,,,
2/5/2023 22:06:46,roxchagri,Poco,No sé,No,Tienen alguna temática común,No,Estaba bien,1,2,2,Algo complejo ,Por desconocimiento no lo he entendido bien ,Complejo ,"Puede resultar interesante y educativo, como  una toma de contacto ",
2/7/2023 16:14:16,rubcasfer2,Nada,No,No,Tienen bastante relación,No,Aburrido,4,2,3,"Mi dispositivo móvil al tener la cámara frontal integrado en la pantalla, parte del texto que debería mostrar es cortado por la cámara",En el nivel fácil debería mostrar las elecciones recomendadas por el juego para que el usuario vaya entendiendo las mecánicas del juego y como sacar partido al equipo Scrum de manera óptima mientras va jugando.,"Creo que la complejidad es correcta, aunque no haya probado el modo difícil y sigo manteniendo la respuesta de la pregunta anterior, que en el modo fácil el juego recomiende acciones para que el entendimiento del juego sea más rápido e intuitivo","No creo que se pueda transferir mucho conocimiento para la realización de los exámenes y la evaluación en la universidad y en cuanto a la puesta en practica carezco de opinión, ya que no cuento con experiencia profesional con metodologías Scrum.",
2/7/2023 23:09:14,sersansan2,Poco,No,No,Tienen alguna temática común,No,Aburrido,2,4,2,Le faltan algunos botones de navegación,Resulta algo lento,Es normal,"Poco, demasiado texto",
2/5/2023 18:15:38,tadcabgom,Nada,No,No,Tienen alguna temática común,No,Aburrido,1,1,3,"Muy pobre, los texto se solapan y en pantallas pequeñas es muy dificil leer el texto. El menú sería mucho más intuitivo si cada tipo de tarea tuviese un color distinto, por ejemplo.","Bastante aburrido, por lo menos en mi opinión, aunque lo jugué dos veces","Muy difícil de entender al principio. Los tutoriales tienen demasiado texto, que desmotiva al jugador, y la interfaz, al no ser intuitiva lo hace más complejo todavía, y no sabía que estaba haciendo la primera vez que lo jugué","No creo que alguien que no sepa scrum lo aprenda jugando al juego, sino leyendo las normas, que no es lo mismo que jugar",No
2/4/2023 20:32:42,ursgarsan,Algo,No sé,Sí,Tienen alguna temática común,Sí,Algo entrenetido,2,1,3,,,,,
2/6/2023 15:40:22,vicmorcon,Algo,No,No,Tienen bastante relación,No,Aburrido,2,2,2,"Algunos elementos de la UI, como el campo de texto para introducir el UVUS, son demasiado pequeños","Estaría bien que los enemigos (las tareas) tuvieran algún cartel con su nombre, igual que los personajes del equipo tienen su rol.","Podrían asignarse automáticamente tareas al principio del sprint, igual que los personajes tienen roles por defecto, para facilitar el juego.",,"La aplicación me ha crasheado varias veces en el mismo momento: después de darle al botón ""Play"", en la pantalla en la que se explica brevemente scrum"
2/4/2023 18:22:03,vicruidel1,Bastante,Sí,Sí,Tienen bastante relación,Sí,Ha sido divertido,3,5,3,Muy intuitiva,Fácil de entender y de jugar,,Ofrece un gran aprendizaje sobre Scrum y ayuda de manera muy buena y amena a entender cómo aplicar Scrum en los proyectos,
2/5/2023 14:06:45,vicsotber,Bastante,Sí,Sí,Es ideal para la asignatura,Sí,Estaba bien,2,4,2,La interfaz es sencilla de entender pero podría ser más atractiva.,,,Me ha gustado la guía con los resúmenes de los términos importantes que aparece en la esquina superior derecha. Es útil para ver de un vistazo todos los conceptos.,